id,name,email,phone,age,gender
1,John Doe,johndoe@example.com,+1234567890,30,Male
2,Jane Smith,janesmith@example.com,+1234567891,28,Female
3,Bob Johnson,bobjohnson@example.com,+1234567892,35,Male
4,Alice Williams,alicewilliams@example.com,+1234567893,27,Female
5,Michael Brown,michaelbrown@example.com,+1234567894,40,Male
6,Emily Davis,emilydavis@example.com,+1234567895,22,Female
7,Chris Wilson,chriswilson@example.com,+1234567896,33,Male
8,Sarah Miller,sarahmiller@example.com,+1234567897,29,Female
9,David Anderson,davidanderson@example.com,+1234567898,31,Male
10,Linda Thomas,lindathomas@example.com,+1234567899,26,Female
11,James Jackson,jamesjackson@example.com,+1234567800,38,Male
12,Patricia White,patriciawhite@example.com,+1234567801,32,Female
13,Robert Harris,robertharris@example.com,+1234567802,45,Male
14,Jennifer Martin,jennifermartin@example.com,+1234567803,24,Female
15,Charles Thompson,charlesthompson@example.com,+1234567804,37,Male
16,Jessica Garcia,jessicagarcia@example.com,+1234567805,29,Female
17,Daniel Martinez,danielmartinez@example.com,+1234567806,34,Male
18,Laura Robinson,laurarobinson@example.com,+1234567807,26,Female
19,Matthew Clark,matthewclark@example.com,+1234567808,41,Male
20,Angela Lewis,angelalewis@example.com,+1234567809,30,Female
